,Row1,Row2,Similarity
1005,316,319,0.962213410843583
489,116,238,0.9406670028425368
808,237,239,0.9268273120533063
1012,319,335,0.880978163023853
793,235,237,0.8759722558147356
1010,318,371,0.8682187071937051
1930,902,910,0.8617015421004883
1007,316,335,0.8613397323398772
571,150,176,0.8560647460581203
675,197,303,0.8491946112464519
828,243,245,0.8491860646659946
1859,830,831,0.840346834882405
959,306,310,0.8285238229265696
794,235,239,0.7933420999500244
51,7,73,0.7909142647555488
844,253,257,0.7686584675707476
531,136,150,0.7561054626683164
488,116,236,0.7513871004465436
1937,902,948,0.7492736787896606
796,236,238,0.7428097580346287
890,266,271,0.7289910937041002
2243,1267,1268,0.7055600721320553
532,136,176,0.6858879050471395
836,249,271,0.6843199872843306
827,243,244,0.6760987597983014
214,39,375,0.6677125209009468
985,313,314,0.6673025230051538
834,249,266,0.6484965015490771
1743,674,675,0.6412776159258238
344,69,70,0.6362048001138884
1938,903,910,0.6278746344962243
1927,902,903,0.6215417155668265
681,200,222,0.6134182219532093
170,24,70,0.6124336964783303
534,136,222,0.6084619390962284
595,157,190,0.6012972225396556
1966,910,948,0.5994961934727222
215,39,463,0.5913360724073525
573,150,222,0.5864687653428304
1130,375,463,0.5856371969885091
605,157,745,0.5852143451100544
880,258,266,0.5814652822096514
626,176,222,0.5802178857677642
829,244,245,0.5793269129685261
1594,561,597,0.5788798259054903
1613,575,582,0.5787421621765078
1001,314,745,0.5773833578214843
1653,608,611,0.5766813754065071
1414,494,511,0.5758940341301582
313,63,79,0.5752682095948978
258,54,72,0.5750078590165605
220,39,1056,0.5740879021668996
993,313,1056,0.5712884434707853
1621,581,833,0.5653002625793627
1676,611,614,0.5646159689790243
1845,813,961,0.5646152479146036
596,157,200,0.562468253471649
881,258,271,0.5624061904708407
1694,618,619,0.5610737687920833
574,150,306,0.5551968028904524
716,219,227,0.5536000743559295
2210,1187,1190,0.5518351646737257
1123,370,434,0.5473495795927983
886,265,266,0.5457716298495967
2214,1189,1190,0.5439980725858157
2233,1228,1229,0.5434125948141166
627,176,306,0.5428383133887655
2038,995,998,0.5394939931410621
1762,683,801,0.5393417097177274
887,265,271,0.5376882802643307
210,39,313,0.5370525405520371
1763,687,696,0.5354664955007264
177,31,37,0.5331652322892165
1829,783,784,0.5312853205032629
2077,1018,1047,0.5287601197915934
1066,345,351,0.5278677519100123
1724,658,660,0.5278025827020592
347,72,79,0.5270147449282901
371,77,79,0.5265171334899814
296,62,223,0.5233000191127373
765,230,383,0.5217692654058155
1681,612,614,0.5201615100421839
1943,903,948,0.5200087198201365
261,54,79,0.5198006045756667
1931,902,915,0.5197655221546397
2110,1047,1049,0.517332729158538
119,14,79,0.5172716384831728
169,24,69,0.5170988757658859
93,13,79,0.5170922106757029
1949,906,929,0.5162942861963647
181,33,37,0.5146919054435747
1656,608,614,0.5144241351819778
597,157,222,0.5135164801925846
1916,886,888,0.5119003340348011
824,242,243,0.5115613089680051
538,136,310,0.507545379052067
1045,335,341,0.5063375342607803
601,157,314,0.5062717764033691
1126,372,376,0.5050494029798184
1134,375,1056,0.5045391424821545
858,256,258,0.5035606789781447
257,54,63,0.5019637916715053
701,202,271,0.4999079931281987
1783,709,712,0.4972011005052628
2162,1124,1180,0.4949178634778923
1207,406,422,0.49318039724204354
336,67,222,0.4931213229406199
1640,597,745,0.4928330620127683
116,14,72,0.4927867626927373
826,242,245,0.49236044822927283
2129,1077,1081,0.490979841652923
661,190,200,0.4899860398914455
2164,1124,1267,0.48946677713391007
2209,1187,1189,0.4889812156760358
1158,386,401,0.4887376068211612
1342,463,1056,0.4880681895747154
2078,1018,1049,0.4864066397120759
147,18,72,0.4856583123291771
2070,1017,1049,0.4838235890243675
988,313,375,0.48275957960159405
537,136,306,0.4820966888816225
1670,610,613,0.4812920252070259
861,256,270,0.4805507211191844
92,13,77,0.4776336229403545
724,222,310,0.4744988631855565
575,150,310,0.47392314140193387
535,136,223,0.47339186170964553
860,256,266,0.47296097935918213
832,249,258,0.4720269439795706
1675,611,613,0.47057988461000216
2103,1041,1055,0.47013986330194585
2111,1047,1055,0.4693622141224239
312,63,77,0.46932122284563593
477,104,107,0.4690001458403374
1686,613,619,0.4679374631640054
1013,319,341,0.4674595120668769
628,176,310,0.46615969821784486
110,14,18,0.4650181209249146
963,306,480,0.46456930667874163
205,39,150,0.4642020097124442
145,18,54,0.4635067978414717
1684,613,614,0.4629085450607422
161,19,49,0.46219446542614717
825,242,244,0.4596851542749974
1971,915,948,0.4594819694789119
1603,568,650,0.45923700863639083
96,13,89,0.4574595566436824
2235,1237,1238,0.45732720077356265
871,257,367,0.4568719602452923
521,123,166,0.4541412605368839
870,257,290,0.4528257789809363
310,63,72,0.4519903969012716
2165,1124,1268,0.4515465851214987
234,42,52,0.45120618724464623
114,14,54,0.45114287575975714
1331,460,503,0.4509392795695472
433,88,89,0.44960520269266235
393,79,88,0.44951441831280164
862,256,271,0.4491120470057218
851,253,367,0.44888361520421566
52,8,9,0.4483035905722497
662,190,222,0.4466508269270964
2067,1017,1030,0.446476092604494
1680,612,613,0.44644297844413133
1002,314,1056,0.4456489251425495
723,222,306,0.4454006475032962
150,18,79,0.4431561088837111
2079,1018,1055,0.4430357957780426
1202,399,400,0.4427879314178264
1124,370,436,0.4420902504117719
632,176,463,0.4413755843867462
1437,495,524,0.440893294353904
1847,813,1123,0.440776443222767
1416,494,529,0.44062061789257784
1205,400,424,0.43970893194614563
2185,1143,1145,0.43933799314582545
1999,961,1123,0.438260579367614
335,67,200,0.43814021267987496
483,110,119,0.4366119095637113
2069,1017,1047,0.4351741619063619
598,157,263,0.43428688306520435
2101,1041,1047,0.4335241525179525
1925,899,943,0.43337799012472106
2220,1190,1262,0.43304885700834317
394,79,89,0.43300118159153733
603,157,520,0.4329839143943911
2242,1260,1262,0.43272239177210126
2113,1049,1055,0.4317664832005315
2145,1100,1107,0.4315751538823312
1830,789,790,0.43125043037729155
2205,1180,1267,0.4299629103659087
682,200,263,0.429870148747412
1689,614,619,0.4288286819584437
918,288,290,0.428307491214797
1655,608,613,0.4273468517896213
397,79,103,0.4255449382213796
1668,610,611,0.42537491660053267
1167,388,422,0.42492073878285047
82,13,18,0.424882469686393
373,77,88,0.4248718749500149
61,9,313,0.4244887893277163
1386,486,494,0.4242861549184596
869,257,288,0.4239038392080402
332,67,157,0.42374595024170947
850,253,290,0.4236369584545305
1008,316,341,0.4231603340682864
678,198,291,0.42167693501317194
688,200,520,0.4213615055591896
1866,834,869,0.421307498006339
579,150,463,0.42030694771612487
125,14,90,0.420157197285254
1665,609,618,0.4197639802168045
2034,994,995,0.4197449817926321
2130,1077,1171,0.4197293269801589
580,150,480,0.418738210689486
1110,365,506,0.4184095194572617
1666,609,619,0.41787439505367485
2213,1187,1262,0.4177018668189755
833,249,265,0.4169557826843757
670,190,745,0.41632821156203725
550,141,157,0.41609980692964427
830,249,256,0.415452600749726
348,72,84,0.4150591454750969
1194,396,397,0.41487346260083935
146,18,63,0.41345189688176315
1147,383,444,0.4133304119208936
692,200,745,0.41239537843181606
1249,428,441,0.41224179247775106
633,176,480,0.4118464248548559
374,77,89,0.41183422822630733
1745,676,677,0.4114415483844255
2035,994,998,0.410677555916967
977,310,561,0.41022508562181415
2048,1007,1037,0.4101909752805306
2076,1018,1041,0.41017064838246936
1732,662,681,0.40990273052946025
2025,977,1052,0.4098521248853253
2102,1041,1049,0.4097030369437534
1721,657,658,0.4096492048448302
867,257,271,0.40868375445488486
1373,480,677,0.40841585460962465
2115,1055,1057,0.4083754778756668
1525,529,532,0.40833026887689644
1959,909,933,0.4082167135543093
268,54,103,0.40784725541331435
1674,611,612,0.40768435101999256
849,253,288,0.4072051438177081
700,202,266,0.4070784548982678
879,258,265,0.40678826139438723
1375,480,1124,0.406719396373282
262,54,84,0.4061486491681534
2105,1041,1057,0.4058033436345731
353,72,103,0.4050315450714324
2064,1017,1018,0.4048992444744139
1087,360,383,0.40444108053243494
1405,490,506,0.40375095362062474
1321,459,486,0.4023067504119962
316,63,89,0.40203625770751705
1664,609,614,0.4019399563837852
731,222,597,0.4018215735393044
1723,657,660,0.40179079000693135
2037,994,1039,0.401319853847663
383,77,133,0.4012557792166415
1678,611,619,0.4009826468115834
2206,1180,1268,0.40049146059685325
1934,902,920,0.4003985309372473
1909,878,1052,0.39999009786549783
115,14,63,0.3994717269985688
729,222,520,0.399363868285612
20,1,79,0.3980538316373773
1948,906,907,0.3974761634918647
1155,383,532,0.3974256838208943
87,13,63,0.39700182485304775
762,230,360,0.396578002188596
696,202,249,0.39634815051330036
151,18,84,0.3962467268562544
178,31,38,0.3957684830241548
1702,629,783,0.3955324682710865
1476,508,526,0.3955147482714599
346,72,77,0.394811877256023
989,313,463,0.39472422416209213
775,230,528,0.39442037422428117
392,79,84,0.3941872542373338
1374,480,1056,0.3939995464232756
176,31,33,0.3932337594022495
992,313,745,0.393194856792834
2117,1056,1124,0.392882085300798
315,63,88,0.3926396146216845
1238,417,1267,0.3913995261631257
349,72,88,0.3913462599601865
301,62,338,0.3912347558033062
734,222,745,0.39121960442326825
1826,777,781,0.39076927450237875
859,256,265,0.39075867214668475
2134,1082,1146,0.3907574760362193
464,97,99,0.3903111033021766
2131,1078,1157,0.3902221362450979
1215,410,442,0.3898767183775589
1601,568,595,0.38978484802512275
260,54,77,0.3896619828436245
921,290,367,0.38962605305729403
2015,974,1018,0.3895419628655652
121,14,84,0.3892690552515854
927,291,313,0.3891795162424342
2050,1010,1077,0.38892156339234735
1153,383,528,0.3885207032166966
1691,615,652,0.3883462322123025
1267,434,436,0.3880936071682058
1798,745,1056,0.3879149525111973
1911,879,1004,0.38680183741451535
302,62,479,0.3866017465971511
600,157,313,0.38622456556882107
284,61,157,0.38612753757758045
1255,428,506,0.38605364385145047
295,62,136,0.3859975499784329
604,157,597,0.3859964062759904
2238,1253,1260,0.38598379191319554
1278,441,442,0.3859690822918623
1658,608,619,0.3858821045746113
1924,899,940,0.38563774647192045
666,190,314,0.38522095954827856
194,36,253,0.3846284246829794
1663,609,613,0.3843614383555352
1079,352,899,0.38424661146278927
2008,969,1024,0.382770057251232
1963,910,920,0.3826672362422463
1382,481,641,0.38252109720948907
1991,950,1046,0.38201793277531815
2066,1017,1029,0.38196603165613724
668,190,520,0.38179298426073977
75,12,79,0.381025478532773
401,79,133,0.3801443808215907
156,18,103,0.3799550029025593
1905,875,909,0.3799277913410276
1527,529,566,0.37973416013372663
1978,924,948,0.3795442749010276
1960,910,915,0.37914114836597845
974,310,417,0.37879121269137694
454,94,223,0.37864204019495673
2163,1124,1209,0.3783940383683415
251,51,801,0.3782202722087134
1511,522,526,0.377967534579688
771,230,494,0.37778769268101564
350,72,89,0.3771295925145692
95,13,88,0.37711909669238003
1157,383,566,0.3769268327286755
1328,459,558,0.37667678925037673
976,310,480,0.3766071189799811
1456,505,531,0.37640339561453123
1636,595,605,0.3755527523811557
1508,520,745,0.37507618645033686
2246,1274,1276,0.37479520759797386
98,13,103,0.3743584568343351
1753,677,1056,0.374340377278104
127,14,103,0.37414248049141424
62,9,314,0.37399409506499703
2087,1029,1030,0.3739237728063745
294,62,94,0.3735776129418356
1839,811,899,0.37325139300513704
1496,511,529,0.37303038127282334
1765,689,706,0.37257473829901916
635,176,677,0.3722753457803635
1407,490,605,0.3718941653599664
1936,902,924,0.37158152208521233
1554,536,558,0.37157111071785276
1908,878,977,0.37100359911299435
206,39,157,0.37073671983010476
2118,1056,1180,0.3707257249423772
1585,558,588,0.37038796715390193
987,313,346,0.37020705307637597
1939,903,915,0.3701572043199843
774,230,511,0.3699223000731942
345,72,74,0.3698153042061806
1536,530,574,0.3698082581438983
207,39,176,0.36930510285178797
118,14,77,0.3692338888885886
1022,320,422,0.36870593114696654
364,74,84,0.3686839936106854
1557,536,690,0.36854578083649797
599,157,280,0.3683892539459807
582,150,677,0.3682198786258148
1669,610,612,0.3681922601842328
856,254,270,0.3679128540839658
18,1,77,0.3675734375993843
1661,609,611,0.3670847481000614
910,280,314,0.36701888601767646
777,230,532,0.3669936673182266
919,288,367,0.36670397442772035
1239,417,1268,0.36632785504748633
1152,383,511,0.36621993149829674
649,179,180,0.3662167168205342
1906,875,933,0.36614669393306437
909,280,313,0.36581624876961294
1555,536,588,0.36519046023261537
1408,490,621,0.3651678019626212
53,8,197,0.3648964659004521
2089,1029,1047,0.36470490553784213
286,61,200,0.3644778566673537
2252,1303,1304,0.36446609371170735
314,63,84,0.3641272665989229
74,12,77,0.3633024631283995
914,280,745,0.36311999408769924
293,61,745,0.36238380946297943
1995,955,958,0.36232982797950714
25,1,103,0.36177185377853466
1340,463,480,0.3613402981944576
263,54,88,0.3612806658389162
663,190,263,0.3608386039114577
1705,631,1066,0.36072412030151296
1882,851,1018,0.3604090988335099
1651,608,609,0.3604021646208947
1683,612,619,0.36032042656920055
250,51,683,0.3601362449627388
195,36,257,0.36010834295909383
1245,421,441,0.35988090814247725
2136,1089,1123,0.3596617446259698
772,230,506,0.3590846825707014
2014,974,1017,0.35793870636581765
484,110,130,0.35772081794822724
1644,600,757,0.3570903224527375
1602,568,605,0.3565094695064391
1295,444,506,0.35642198109648926
259,54,74,0.356356189032089
1703,629,784,0.3563170558823529
1673,610,619,0.35623202159722855
1970,915,924,0.35604475461938523
149,18,77,0.35592607653224934
2143,1099,1100,0.3557079353703378
978,310,597,0.35547267900345547
2217,1189,1262,0.3554714565370998
1851,814,820,0.3554353607619079
1397,486,558,0.3553667061274592
1522,528,532,0.3552915972051651
211,39,314,0.3546667100590994
11,1,13,0.35441713985344653
1406,490,533,0.35441401739574563
926,291,311,0.3541917082883658
690,200,597,0.3541085107804754
199,37,38,0.35410556576300467
1341,463,677,0.353930472298725
102,13,133,0.3538739194294987
997,314,346,0.3538300049720592
925,291,305,0.3537844506445616
1316,454,455,0.3535699872084431
1570,542,583,0.3534988527563646
152,18,88,0.3534690338385065
1662,609,612,0.35336492658428154
740,223,348,0.352835427240728
1671,610,614,0.352778873610819
319,63,103,0.35258167661427753
1654,608,612,0.3525489691332121
721,222,263,0.35219180808644557
1864,832,861,0.35210387832297274
585,150,1124,0.35210098067028733
305,62,996,0.35180995588964403
1685,613,618,0.3517939818750446
567,148,274,0.3517526005678334
2019,974,1047,0.35172471274086864
17,1,72,0.35170076079261614
2020,974,1049,0.35149561466737644
1149,383,494,0.3514786577703172
90,13,72,0.3513910125223237
1524,528,566,0.35124421122578525
2039,995,1039,0.351155247544698
4,0,313,0.3505595697068698
461,95,275,0.3502739616329706
896,269,338,0.35006091522281957
558,142,950,0.34991419779249083
2212,1187,1260,0.34979340134839115
1203,399,405,0.34979271891633756
1150,383,506,0.34916428497275265
370,74,154,0.3486810388735023
638,176,1124,0.3481591376562943
727,222,417,0.34814717159182
2083,1025,1271,0.34800893534111565
1748,676,1124,0.34790776884770047
2090,1029,1049,0.34712498863365804
1941,903,920,0.3466848207743015
2071,1017,1055,0.34656382422498594
1688,614,618,0.34634701364583026
1888,853,1009,0.34626450205630904
218,39,677,0.34618540239463147
1539,531,534,0.34612829803426987
2125,1061,1074,0.34575591218388907
97,13,90,0.3457053930035958
699,202,265,0.3456053139601797
525,127,132,0.34552937893245195
768,230,444,0.3455176202656
2166,1125,1128,0.345488009103714
2239,1253,1262,0.3451411534941501
86,13,54,0.34465136466577273
123,14,88,0.34433685146964726
1440,496,509,0.3442683558401975
1856,822,946,0.34422943947854084
513,121,130,0.34415677134469946
1589,558,706,0.34415365935988035
1213,410,428,0.3440688457931292
1061,338,996,0.343739515624442
1466,506,532,0.34367503910975833
1637,595,650,0.34362262477904565
2204,1180,1209,0.34345864071915055
334,67,190,0.3429472544528112
2127,1072,1074,0.3428203476929844
1755,677,1124,0.3424931297314709
566,147,756,0.3423551358346219
264,54,89,0.3421878310960231
780,230,566,0.34213160239948526
714,214,270,0.34210480038364904
1136,375,1180,0.3420597749953061
354,72,121,0.3420281869183014
1950,906,1010,0.3419267056061272
283,61,141,0.34170198347761405
452,94,136,0.34168129468094616
1657,608,618,0.3413364936798151
2133,1081,1171,0.3412326953253199
1945,904,915,0.3411091167869747
818,238,903,0.34098150024164053
1982,940,943,0.34076673737522284
2080,1018,1057,0.3407090201794256
2027,983,1024,0.34067319904526155
1652,608,610,0.340647775093241
698,202,258,0.3405510463613118
269,54,121,0.34044440415987703
1660,609,610,0.3403879141290028
54,8,303,0.3403181307950607
1119,369,441,0.3402924134912688
2094,1030,1047,0.34018370973877904
43,2,103,0.34005792369322035
1588,558,690,0.3400044698371658
2074,1018,1029,0.33979329233110267
747,223,759,0.33944482016954
2109,1046,1053,0.33943832757493353
1078,352,811,0.3393635880881218
1453,500,905,0.33933268277626194
650,179,191,0.3392528234122167
557,141,745,0.339222369255627
504,120,123,0.3389852363270664
84,13,43,0.3384543181774281
1746,676,759,0.33834594551022285
763,230,362,0.33801360288119714
728,222,480,0.3377513911878244
351,72,90,0.33760455766050246
1733,663,664,0.33736105234933117
552,141,200,0.3372478352668034
1853,818,899,0.33679632959118755
1579,548,866,0.3367571671452954
602,157,375,0.3367228256726724
322,63,133,0.3366672372075483
124,14,89,0.33652794068390557
1994,953,1012,0.336365328100197
884,263,520,0.33580273803409116
2181,1138,1271,0.33579934088949825
2172,1127,1262,0.3357638299702719
530,132,177,0.33543845950787554
1838,808,861,0.33539658304883624
498,116,903,0.33519189904884383
5,0,314,0.3350516778695591
1302,447,448,0.3350094340611968
174,27,191,0.3349038503149976
892,269,280,0.33463225636338834
363,74,79,0.3344790347912205
2068,1017,1041,0.33433086715911053
1884,851,1047,0.3342923479834941
933,291,341,0.3340541688464733
1870,840,1061,0.3339710521582363
311,63,74,0.33387495836676206
2128,1075,1083,0.33386204643421125
536,136,239,0.3336603833170904
577,150,375,0.3336601378088566
996,314,323,0.33363447320981326
1740,673,899,0.333379655815087
889,266,270,0.33329168021454725
518,122,133,0.33322926109981904
949,294,766,0.3331136237371201
1849,813,1253,0.33289492617199173
1487,509,694,0.33285806740739476
59,9,157,0.3325204948074959
1545,532,566,0.33241855547020016
1507,520,597,0.3323967240383195
165,22,156,0.33238658840246776
647,178,208,0.3323467484043515
2199,1172,1173,0.3322286024565712
148,18,74,0.3320965830242452
2168,1127,1187,0.33202116772741597
1446,496,558,0.33170672111947225
581,150,676,0.3312783762669875
1000,314,597,0.3308769056920054
2182,1141,1142,0.3308745552199582
1710,637,638,0.3307599671789284
658,186,1215,0.33069527459867243
2041,998,1039,0.3304313906859007
1998,961,1089,0.330401038405862
853,253,446,0.3301023376774351
2176,1133,1146,0.32983772077377976
1923,892,943,0.3297025135855265
1309,450,452,0.32960093608271834
1750,676,1209,0.32934605064711664
1211,409,470,0.3291958113711455
1118,369,428,0.3290775780300482
540,136,417,0.32900423474884066
1605,569,570,0.32864286244086993
12,1,14,0.32861871263759207
1417,494,532,0.32803552828488836
756,230,291,0.3279393521209584
1293,443,475,0.32792541200548786
1677,611,618,0.3276114686525456
1144,383,410,0.3275600490746346
1926,899,949,0.32747290372868193
1141,379,385,0.32708474268688725
2059,1011,1047,0.3270572481909059
57,9,39,0.3269201880906095
529,132,166,0.3268282990379679
1036,332,360,0.32682115895180847
9,1,2,0.32657854610716386
2049,1007,1061,0.32646245475730934
766,230,410,0.32617560239699844
1933,902,917,0.32613066119188894
2170,1127,1190,0.3260646242746454
1156,383,563,0.3260589322530263
1372,480,676,0.3260021946835153
2112,1047,1057,0.3259145914757814
684,200,306,0.3259066577970712
1843,812,967,0.325664137964283
372,77,84,0.3254812359940511
1485,509,550,0.32530430072396505
1875,845,1018,0.32529405919230264
422,84,121,0.3252507166730908
1736,663,706,0.32503948720865256
653,182,198,0.3246660944283897
113,14,41,0.32407489696559677
222,39,1124,0.3240128486093934
994,313,1124,0.3239509189692524
651,180,191,0.32379947761091765
1900,862,979,0.32378836404803885
2098,1032,1071,0.3237819538904508
1411,494,506,0.32376549101129265
1096,362,494,0.3236925703473993
877,257,894,0.32350972380725396
982,310,1268,0.3229578122860764
16,1,63,0.3227628612455432
1432,494,902,0.3227478171409928
1738,664,706,0.32270135870255096
1251,428,444,0.32241683076450456
2247,1279,1280,0.32240641634800643
70,12,18,0.32239874571581734
1584,558,559,0.3223349670109333
935,291,383,0.3223275455848951
2043,1001,1002,0.3221105019593865
1698,623,737,0.3218365488521987
1033,330,593,0.3218355852750033
190,35,90,0.3212458288531123
885,263,745,0.3209060815200548
554,141,263,0.32081863131964933
783,232,237,0.3207172582953218
697,202,256,0.3206919235506861
2248,1290,1297,0.32059192701836714
1865,834,835,0.32057009313551044
37,2,72,0.3205441602288684
2218,1190,1250,0.3201815216803162
68,12,13,0.32006530123186233
1540,531,536,0.31976723791549233
1165,386,589,0.3196745058006751
944,293,801,0.31953942362890986
1090,360,528,0.3194601105679301
141,17,79,0.31939162625265294
2156,1123,1187,0.3193790307934042
669,190,597,0.3190176288196674
198,36,367,0.318933487960814
66,11,35,0.3187629414923656
1883,851,1041,0.31873030969746935
1132,375,677,0.3186168063694681
1722,657,659,0.31827665438952185
922,291,299,0.3182758503408432
306,62,1074,0.3182274932468685
785,232,291,0.3181975993728687
1544,532,563,0.31792607668071393
239,43,79,0.31789090194770575
216,39,480,0.3178830913179071
72,12,63,0.3178771030580802
1617,579,627,0.3177490909207467
874,257,543,0.31738621365324793
960,306,313,0.3173330751688296
786,232,313,0.3173226852258346
1393,486,531,0.3172367790028879
1962,910,917,0.317122827975721
1350,469,526,0.3168953024904029
2169,1127,1189,0.3168154292393096
128,14,121,0.31662873277695996
64,9,745,0.31662234231880837
2075,1018,1030,0.3165172455375994
1376,480,1180,0.31632515546772155
1516,526,589,0.3162488607111506
223,39,1180,0.31606484330693946
1283,441,495,0.3160446661321812
866,257,266,0.31585506442780253
1308,449,550,0.3158527111457142
1521,528,529,0.3154557951839678
713,214,256,0.31529669285809864
287,61,222,0.31509697891068494
1093,360,566,0.31494768106045035
465,98,1061,0.31489587418452664
1081,352,943,0.31488416557574433
781,231,233,0.3145113031665353
1383,481,823,0.31440052770707955
1846,813,1089,0.3143955840936065
945,294,464,0.3141726637807531
506,120,130,0.3141312394222601
1317,456,457,0.3141300726123067
1940,903,917,0.3140827469606764
981,310,1267,0.3140107529199799
2186,1151,1163,0.31379398082918003
1139,377,652,0.3137652253538355
117,14,74,0.3137616180207361
494,116,494,0.3136812059205563
1462,505,706,0.31367398201210034
1070,347,1124,0.31354335275493744
1387,486,496,0.31335351136981787
2044,1003,1004,0.3131005841510215
2215,1189,1250,0.31308888335206125
2211,1187,1250,0.3130600597930131
2141,1091,1209,0.3130512690386754
2095,1030,1049,0.31293512680957386
1046,335,345,0.31288433244449676
1334,462,526,0.3128365441615647
154,18,90,0.3126560744841257
634,176,676,0.3122808529815146
469,103,121,0.3122217523821506
1029,330,383,0.31179710074161093
282,61,67,0.31174244728598993
965,306,676,0.311663824813147
2159,1123,1253,0.3116407845656554
1754,677,1091,0.31149051798113625
1189,394,395,0.31136125953225907
782,232,234,0.3112265782778644
2124,1061,1072,0.31118175658066183
1578,548,736,0.3109822704342643
664,190,280,0.3107126398863219
1523,528,563,0.310685940600713
1026,330,332,0.31058969159470523
868,257,274,0.3105786955129539
1322,459,494,0.3105249060426465
219,39,745,0.31044285037277913
1921,892,899,0.3103813569887017
1928,902,904,0.3102538540474023
1391,486,511,0.31023635300921815
153,18,89,0.3100373874398328
1582,557,1040,0.3099898725616114
473,103,188,0.30973342364083245
1886,851,1055,0.3096939196430031
1154,383,529,0.3096437884509832
1986,944,1137,0.3096286878818729
1735,663,690,0.3096096826079699
586,150,1180,0.309604861925428
928,291,314,0.30957468138062894
1335,462,851,0.3094326371928953
1630,588,706,0.3093997297861363
2122,1059,1061,0.3093989603815734
1811,760,834,0.30937947316083825
1767,690,760,0.30927447194646146
1844,813,901,0.3092335587481337
1,0,232,0.30921123805441936
1175,392,397,0.30901410033236226
343,67,745,0.30896360143109614
1024,323,1067,0.3088740282026921
813,238,494,0.3088588517305515
615,167,1129,0.3085386960097928
1256,428,508,0.30844389674564804
180,31,179,0.30823500710901314
1786,717,1145,0.3081019603284139
337,67,263,0.3080971847817777
770,230,486,0.30765636355985493
1885,851,1049,0.30751566084106274
929,291,319,0.3074997249987206
764,230,365,0.3074714802079023
639,176,1180,0.30740681553066823
157,18,121,0.3073948612285897
719,222,223,0.30731417700267466
1992,950,1053,0.30728751855242686
967,306,1124,0.30727297680535115
1700,624,662,0.3072128445336437
1818,765,777,0.3071994485116639
1465,506,528,0.3070937263668095
1028,330,360,0.30707331828490486
1430,494,861,0.3070025641494132
1204,400,405,0.30690661878067194
285,61,190,0.3068733200124039
1696,622,756,0.3068624470149463
655,186,247,0.3068569152102984
795,236,237,0.30677414473441655
1234,417,561,0.30663349339398155
1860,830,903,0.30645947262609324
1268,435,441,0.3063053976709163
636,176,1056,0.3062496529080214
1233,415,416,0.30616245839785905
646,178,191,0.3060943755842524
955,301,304,0.30608720565713743
854,253,543,0.30597871764506923
733,222,677,0.30588159100787704
1433,494,903,0.3058626536249704
894,269,313,0.3057570305367917
672,191,210,0.3056596771705429
1712,639,1108,0.30562044684436446
883,263,271,0.30559938343888793
6,0,346,0.3054900578806619
1443,496,536,0.3050337482620839
1974,917,948,0.30490625230206564
1769,690,869,0.30489155554674807
1169,391,539,0.3048385230578973
243,44,82,0.3046998184077164
622,174,604,0.3045464962758734
320,63,121,0.30444276399792425
1672,610,618,0.30443059599443945
1643,597,1268,0.3043255249388986
1021,320,406,0.3042896870667968
444,89,133,0.3041716477014353
1357,474,486,0.30411464306964975
1236,417,1124,0.304108022379921
1091,360,532,0.30396678192670157
1174,392,396,0.3038369469723811
1389,486,506,0.3037329682891387
1797,742,770,0.30362255486323875
2139,1091,1124,0.30348784012741664
2082,1025,1036,0.3034418390984388
288,61,263,0.3033436623352922
1642,597,1267,0.30330845600416867
2021,974,1055,0.30330626780576764
787,232,314,0.3032851112861984
1080,352,940,0.30316565803236895
659,188,198,0.30315817273975676
1477,508,529,0.30308186995109015
637,176,1091,0.30281859242651066
873,257,446,0.3027409302528393
342,67,597,0.3024489562936278
1326,459,511,0.30241960255174083
1586,558,663,0.3022390995298972
300,62,308,0.3022147597261795
1993,952,1061,0.3019350617557996
398,79,121,0.30190513385474144
744,223,479,0.3016656048896656
1468,506,559,0.3016184530462966
999,314,375,0.3013357885191703
569,148,434,0.30132894240994823
1985,943,949,0.3013274549561914
578,150,417,0.30129848373912893
395,79,90,0.30128536810660256
1547,532,903,0.30126858751934665
1127,373,827,0.3012260621354732
1216,410,444,0.30113011429498115
966,306,677,0.30110155826794804
41,2,88,0.301043764033325
617,168,1108,0.30093432528537484
94,13,84,0.3008464966054825
593,155,172,0.30063795240710317
1597,561,1267,0.30051143159134636
1741,673,940,0.3004115414620402
718,220,756,0.30027316081859157
378,77,105,0.30011001246660407
129,14,122,0.3000904918904631
73,12,72,0.3000420135559002
2088,1029,1041,0.29998815875810253
1804,756,766,0.2999696441032837
1646,605,650,0.2999631259135013
1635,595,596,0.29994936228633445
1076,349,354,0.2999299306841152
2114,1049,1057,0.299808959373394
685,200,310,0.29977516552797034
1159,386,412,0.29974841141662095
1151,383,508,0.29974663071215774
2045,1007,1017,0.29922721593615215
1419,494,558,0.2991231901898151
1413,494,509,0.29876072366567863
1837,808,832,0.298706198508597
289,61,280,0.2986680717516033
2177,1133,1196,0.29850195355855197
1566,538,643,0.29839640582206195
583,150,1056,0.2983242686238963
1915,882,1280,0.29832306551370735
1891,860,1018,0.29830493308733974
855,253,894,0.29804098632427
961,306,417,0.2979394401145603
1836,800,860,0.2978973005745026
1166,388,406,0.2978229833599766
1323,459,496,0.29771665919907
1135,375,1124,0.2975680549559833
1835,799,810,0.2975418077243366
326,66,107,0.29733608067125866
2147,1104,1137,0.29733054558689326
2026,979,1143,0.29732437362205066
526,127,166,0.2972103828736796
971,308,338,0.2970951510777416
167,22,420,0.29705191264822917
1227,411,508,0.29700981841645374
197,36,290,0.29700150927815977
831,249,257,0.29697818917592783
1632,589,884,0.2969774979719247
2191,1160,1176,0.29683305996884907
1533,529,903,0.29672676438941925
80,13,14,0.2966455109549626
1497,511,532,0.2966390260376802
2052,1010,1171,0.2962600433849485
1441,496,531,0.2962525799495256
1946,904,924,0.29622299886237313
1988,947,979,0.29600991225774187
1284,441,506,0.2959944160929028
2219,1190,1260,0.29587529121573214
1912,880,887,0.2957767868610044
69,12,14,0.2956448080074634
377,77,103,0.29560804842203486
2058,1011,1041,0.29554853342932663
1821,767,768,0.2955448577418483
821,240,1091,0.29551668327295166
1757,677,1209,0.2954684028495298
584,150,1091,0.2954556726182577
340,67,520,0.2954357311648865
1095,362,383,0.2954222576229457
421,84,103,0.29541600282597663
1470,506,566,0.2953985343928749
1561,536,835,0.2953158760757493
1756,677,1180,0.2950194172186623
1112,366,382,0.2949618147643393
1434,494,910,0.29494398366899865
847,253,271,0.2948662624621439
1098,362,511,0.2947613746456322
1944,904,908,0.2945893125929846
2216,1189,1260,0.2945779310154681
1327,459,536,0.29457361527416825
891,269,277,0.2945511118707259
2144,1099,1107,0.2945385901963674
2229,1209,1268,0.2945237014284467
631,176,417,0.2944178378553246
1610,571,572,0.29435737540235807
365,74,88,0.29431952611430623
1701,626,640,0.29431288845955744
1904,875,890,0.29424321815209364
55,8,306,0.2941891637775397
2140,1091,1180,0.29400826486388054
784,232,239,0.2939703471631179
1047,335,351,0.2939618077746663
1608,570,579,0.2938392644848898
1277,439,495,0.29376674379723916
2051,1010,1081,0.293748115462321
737,222,1267,0.29353713474218074
1956,908,915,0.29334056954547383
1145,383,428,0.2933404745998932
1378,480,1267,0.2933163353003086
510,121,122,0.29330042853191735
1219,410,508,0.2932346736454299
1248,424,453,0.2931392707410522
1352,470,475,0.29309706844441286
265,54,90,0.2930624281170227
1730,661,664,0.2928682750871412
2225,1203,1206,0.29279241595663047
2002,963,981,0.2927616969089041
23,1,89,0.29267580815959043
1878,845,1047,0.2925212144497432
917,285,349,0.2924715167300516
1343,463,1091,0.29231821574996025
695,201,371,0.2921606472747537
479,107,120,0.2920792297901811
553,141,222,0.2919684575395088
606,157,1056,0.2919241649015299
1367,479,483,0.29162442649498055
39,2,79,0.29151986893642595
524,125,130,0.2914965674496974
2054,1011,1018,0.2914702834499785
514,121,133,0.2914495100167472
614,167,291,0.29118323123518125
417,84,88,0.29104657556611924
1704,631,796,0.2909994797548411
2221,1196,1272,0.2908966573055197
613,167,269,0.2908633583116274
932,291,335,0.2908518764118296
1099,362,529,0.29080737851608873
691,200,677,0.2907725229663995
440,88,133,0.2907383887781558
2106,1041,1059,0.290660158328832
1727,660,797,0.2906365612116909
931,291,334,0.290627531407304
2012,974,991,0.2905890974355859
184,35,54,0.29054555265693865
551,141,190,0.29049864110086876
541,136,480,0.29036106611253687
915,285,288,0.2902547105707033
442,89,90,0.28992566172470147
620,173,225,0.28991013153878614
1768,690,834,0.28987989957945837
1017,319,494,0.2898442635709461
2055,1011,1028,0.28980106544283196
648,178,210,0.28955966522639814
381,77,121,0.28941273082817404
71,12,54,0.28911198702049457
238,43,77,0.2890934620315226
1749,676,1180,0.2890517153227342
1279,441,443,0.28895389764149165
725,222,314,0.288933460904292
969,306,1267,0.28886123284348036
2005,967,974,0.28871525138478843
776,230,529,0.2885643156920702
2009,970,1003,0.2882605978153351
1551,535,536,0.2882117080183676
471,103,130,0.28809502326292197
246,45,408,0.28806184604854673
2091,1029,1055,0.28792101201611364
1447,496,588,0.2878931398928035
1957,908,924,0.28788669522917704
533,136,200,0.2877775696416554
511,121,123,0.2875955364892278
1852,816,817,0.28753130503903646
38,2,77,0.2874315563519803
951,299,305,0.28740472972002806
298,62,269,0.2873887818500319
1682,612,618,0.28732060114827657
1106,365,383,0.28725295615465474
898,269,585,0.28720181584911014
1881,851,872,0.28716480886292356
863,257,258,0.28704534557137557
399,79,122,0.2870186256451877
357,72,133,0.2868977635533733
1250,428,442,0.2868522808605914
1831,796,1228,0.2867977247974083
1074,348,1267,0.2866994058363213
995,313,1180,0.2866986723242438
138,17,72,0.2865327089608886
1314,452,1154,0.28653099748856575
2184,1142,1145,0.2864437473079761
1543,531,706,0.28643841868709896
137,17,54,0.28636850556527366
126,14,97,0.28632708024056613
160,18,208,0.28622770853715956
1529,529,830,0.2862166000634714
1834,797,810,0.28621258966169844
2060,1011,1049,0.2860616681502216
1862,831,903,0.2859798465463556
930,291,328,0.28594926079924554
187,35,79,0.28589496327105024
1344,463,1124,0.28563135178729104
2150,1107,1164,0.2856271301603773
750,223,1267,0.28558888420564577
689,200,563,0.2855103895864015
2013,974,1011,0.28549950772088384
1037,332,383,0.28544067785625227
1473,506,740,0.2850489571852758
1560,536,834,0.2848568511825418
44,3,108,0.2848460416853234
1526,529,563,0.28473021237481894
1562,536,861,0.2846687003819151
1720,652,669,0.2846659216260371
281,59,811,0.2846630860865396
1791,736,809,0.2846137975725094
805,236,529,0.2845993027474069
1564,537,954,0.28457959374336617
1520,526,884,0.2845790748365933
852,253,404,0.28444703316226966
1075,348,1268,0.28443249551368976
1191,395,405,0.2842731593042144
528,128,170,0.2842326353478684
500,117,154,0.28421168110095385
291,61,520,0.28407529000643034
1869,840,1059,0.28401804153145255
572,150,200,0.2838556311217941
185,35,72,0.28384787661473193
362,74,77,0.2836227435251791
738,222,1268,0.2835210463076236
872,257,404,0.2835041541706177
2018,974,1041,0.2833904159898165
1729,661,663,0.28318883746450074
355,72,122,0.28315100330281406
559,142,1046,0.28315067577681047
1035,332,333,0.28277944309734415
1538,530,743,0.28271709729010774
451,93,184,0.28238383973554126
1622,581,921,0.28237621204303437
1895,861,903,0.28235826348789533
761,230,335,0.28233184870197897
1380,481,581,0.28231206555785837
501,117,380,0.2823058359469238
89,13,70,0.28218580081540706
1714,642,652,0.2820792924643362
527,127,177,0.2820158969241394
360,72,208,0.28196133953879876
923,291,301,0.28190763052094386
694,201,318,0.28184533265652684
2053,1011,1017,0.28182786851810815
1976,920,948,0.28178085623445853
225,40,358,0.2817518833503758
1874,845,1017,0.2816527274242971
1163,386,526,0.2816290711397422
35,2,54,0.2813768519339786
797,236,239,0.28133838912319376
645,178,180,0.2812057959181114
2029,987,1298,0.28110797924211656
403,79,208,0.280988299846195
900,269,1168,0.2809575231450667
2042,1000,1139,0.28095505985117236
1359,475,476,0.28088889735941114
416,83,289,0.28068943084288456
3,0,303,0.28066026389775456
1606,569,579,0.2805888984154965
742,223,417,0.2805791732939778
512,121,125,0.2805647004965308
1404,489,506,0.28046406450939676
1039,333,383,0.28039330480897146
1420,494,559,0.28033220684053367
1412,494,508,0.28031747555574277
1787,722,809,0.28023555805026606
803,236,494,0.28018503410785917
290,61,314,0.2801846944005885
1742,673,943,0.2800927542951839
1237,417,1180,0.2800430326047301
1401,486,842,0.2799816476529986
352,72,97,0.2799579322370591
1626,587,590,0.27967825377867883
1160,386,469,0.2796772103082813
2161,1123,1262,0.279623713309611
1069,346,561,0.27959699895973006
1788,729,856,0.2795814470648732
1809,759,1209,0.2795304303463781
1935,902,921,0.27950219031427137
2003,964,974,0.27947867236466506
2228,1209,1267,0.2793981929754944
1571,543,894,0.2793893000887456
255,53,120,0.2793523341242099
418,84,89,0.2792702306986967
32,2,14,0.2790609354925756
448,89,345,0.2790225575402543
2047,1007,1030,0.27893404486407264
758,230,330,0.2788423449619586
790,232,877,0.27879093228453533
1872,840,1074,0.27877530386991384
1113,367,395,0.2786362293088647
1537,530,617,0.2783852902972653
1269,435,442,0.27832942655300313
1131,375,480,0.2782625252517161
1803,756,765,0.2781567200653913
1590,558,711,0.2781215560562232
757,230,319,0.27807907338122334
2116,1056,1091,0.27798502060893737
2061,1013,1014,0.2779846359712884
428,84,291,0.27797131666206376
2092,1029,1057,0.2779500182619724
722,222,280,0.27787134989401896
325,66,104,0.27784347987938113
472,103,133,0.27774801521394243
400,79,125,0.2776959485396891
903,271,754,0.2776285290894395
523,123,304,0.2775625563022493
1832,796,1229,0.27753192634682
2194,1164,1230,0.27749773893139834
1464,506,511,0.27743244314748167
1442,496,534,0.27726194718625424
624,174,893,0.27722196403322774
612,167,198,0.27721481305361995
1085,357,754,0.2771416573161134
990,313,480,0.27710329262064737
792,235,236,0.27707895186303744
1051,335,494,0.27706639411897227
958,303,323,0.2770420685426433
1396,486,536,0.2769731215220359
1792,737,890,0.27687026495554357
232,41,103,0.27671370885926927
720,222,252,0.2765855015404533
241,43,89,0.2765543223992102
1246,421,456,0.27654343809361337
2189,1155,1156,0.2764314266035793
1472,506,605,0.2763971204376216
939,291,529,0.2763906695440221
1043,334,335,0.2762982753583437
1038,333,360,0.27627093976725675
163,20,491,0.27625490027663563
212,39,323,0.2761488721343095
2250,1296,1297,0.27613614770774514
1793,737,894,0.27613166556694857
450,93,133,0.27612213855606055
1390,486,509,0.27598171733110693
56,8,310,0.27594272165329287
201,37,179,0.2758800608040528
1575,545,859,0.27582502099844614
1436,495,522,0.27580838419373144
83,13,41,0.2757943817350706
1777,704,889,0.2756520850004228
266,54,97,0.2756051203788437
1815,763,764,0.2754586274755328
382,77,122,0.2753030258917272
1572,544,752,0.2752185479047262
76,12,84,0.27499781534931966
321,63,122,0.2748897854000584
779,230,563,0.2748518701452547
618,170,525,0.27479331675605934
1483,509,511,0.2746509125716125
252,53,77,0.2746148272012945
1270,435,456,0.2745638397772049
172,27,85,0.2745074249493922
1633,590,682,0.27450059863368453
1887,851,1057,0.2744876933762851
162,20,70,0.2744758673761338
549,139,142,0.27442354431820887
1942,903,924,0.2743376158451171
937,291,494,0.2741615621747517
1299,444,532,0.2741227518581955
120,14,83,0.2738493279096297
1841,811,943,0.2738428604964032
1285,441,508,0.27375701622495974
2154,1113,1114,0.27373675734420133
112,14,35,0.2737068562190445
437,88,103,0.2736208233164736
227,41,72,0.27344725139632575
1072,348,1124,0.2734110231170407
1482,508,915,0.27339163276123757
1349,468,479,0.27339030484541893
67,11,90,0.2733463042467131
660,189,198,0.2733145072601339
65,9,1056,0.27328305785270374
1599,563,566,0.2732011535435562
1294,444,494,0.27311280260081744
1530,529,831,0.27302623522295916
2017,974,1030,0.27283817789482023
391,78,335,0.27280531504693517
144,18,41,0.27274574236246923
77,12,88,0.27272930148506286
1100,362,532,0.27272025167446456
1667,609,716,0.27260225931318505
1922,892,940,0.2725223228479178
2178,1137,1164,0.27251387381395414
1445,496,550,0.272511469121695
1514,524,526,0.2724466544772434
485,111,119,0.2724048486729723
1780,706,843,0.2724033284011166
309,62,1273,0.27238619476040943
741,223,414,0.2723552023131441
1469,506,563,0.27230035292325255
142,17,84,0.2722991527125098
560,142,1053,0.2722614665907065
1212,409,516,0.27225573213417464
2167,1125,1137,0.2722420706025882
948,294,605,0.2722384686181828
470,103,122,0.2722336218746687
402,79,163,0.2722211947908677
1718,644,668,0.2720943937341844
1799,750,912,0.2719054992883445
419,84,90,0.27188000745613744
1259,428,532,0.27173742637508463
1176,392,462,0.2716970381250241
480,109,635,0.27160155484015425
317,63,90,0.2714465816440011
630,176,375,0.2713257550987055
339,67,310,0.27125272574094145
1801,753,771,0.2712141201736391
1426,494,706,0.27120772643911106
1271,435,495,0.27117904510823615
1089,360,506,0.2711747375701899
2093,1030,1041,0.2711092514087915
2096,1030,1055,0.2709153660907878
1228,412,413,0.2709072815130855
1833,797,799,0.2708941018709539
745,223,561,0.27082961748870943
1388,486,505,0.27080643176044555
1752,676,1268,0.2707761786847549
1290,442,494,0.2707390352039445
1027,330,333,0.2707013886868148
1218,410,506,0.27066639616161514
755,228,362,0.2706404452897641
640,176,1209,0.2706283936191365
411,82,938,0.2705888979346087
1356,473,875,0.2705352443356067
456,94,313,0.2703864079284994
1196,396,457,0.2703169422295042
143,18,35,0.2701935249836235
15,1,54,0.2701720806232804
1199,397,457,0.27009136293881586
1795,740,826,0.270001324393239
2033,991,1061,0.2699462090222119
1183,392,595,0.2699412189733519
838,252,263,0.26986374563296633
1857,829,878,0.2698255309553447
1019,320,326,0.2698223643544965
1394,486,532,0.26972635141703294
1221,410,529,0.2696797050400006
22,1,88,0.2696493590639464
952,299,319,0.26963094329067244
556,141,520,0.26962370950245734
656,186,522,0.26959805680297744
425,84,133,0.26957778710586777
1425,494,694,0.2695766782594196
1858,829,1217,0.26956196119925147
924,291,304,0.26955466235378683
901,269,1264,0.2695351248127796
423,84,122,0.2694042321471983
1369,479,502,0.26932504697313503
912,280,340,0.26930547455135795
1484,509,547,0.26919448099067567
1725,658,797,0.26915079235063044
1879,845,1049,0.269090378867974
497,116,902,0.26907794100854404
1532,529,902,0.268966328602631
979,310,676,0.26892767630716696
1627,587,609,0.268764233492613
1873,844,858,0.2684812922997702
200,37,41,0.26844899398491706
2224,1201,1212,0.26842084695585156
1067,346,375,0.2683914157406906
85,13,53,0.2683408651184606
1195,396,402,0.26829046798417955
1177,392,470,0.26825067081433196
1620,581,641,0.2682364602855563
307,62,1129,0.2680931167686281
2251,1297,1299,0.2680832315300862
1717,644,666,0.268068623111959
2192,1160,1206,0.2680210588633368
0,0,39,0.26801774798425365
1068,346,493,0.2680116355901761
1162,386,522,0.26788100665352965
946,294,490,0.2678715151015635
1889,858,874,0.267794680000488
957,303,313,0.26767798253651753
625,176,200,0.26757761737783975
233,41,121,0.26750621383979056
213,39,346,0.2675056299152227
2126,1067,1165,0.26738293596577734
1697,623,641,0.26737410284512797
1574,545,706,0.2673145311790943
1092,360,563,0.2672788203613413
817,238,902,0.26726993737162674
1365,478,689,0.26726872075332686
1264,428,826,0.26725103547847884
2000,961,1253,0.267140537078343
609,163,210,0.26698818333613444
1997,959,1107,0.26696441314506825
590,153,180,0.26693663432758036
1310,450,1154,0.26683503996890706
369,74,122,0.26683189849430544
1457,505,534,0.2667374546722878
108,13,345,0.2666020141685651
934,291,346,0.26658062442130526
1385,481,921,0.26648884788598237
629,176,313,0.26646453475595894
848,253,274,0.2664232993467635
1591,558,903,0.26636182016158894
621,173,761,0.2661999458647363
1598,561,1268,0.26618227813464823
913,280,346,0.26617465098158516
45,3,114,0.2659701378077195
616,168,973,0.2658733569413133
1645,605,621,0.265859368321744
546,136,1267,0.2656723095852209
1418,494,536,0.2654654781647546
385,77,208,0.26546331089344355
1449,496,663,0.26540793368465565
33,2,18,0.2652679023329026
683,200,280,0.26521021116512644
1475,508,524,0.2651492489177378
875,257,737,0.26509022370371643
517,122,130,0.26501967612452904
188,35,84,0.26499114325991474
760,230,333,0.2649680991487186
1498,511,536,0.26496201973088035
1965,910,924,0.26482718647676523
1825,771,787,0.2648041045568544
968,306,1180,0.26477446598578885
1287,441,559,0.2647115586652729
224,39,1209,0.2646736403288701
439,88,122,0.26462720785091903
338,67,306,0.2645022032777323
865,257,263,0.2644153110144373
1214,410,441,0.2643398034735874
1726,659,660,0.2643342262573769
2084,1028,1029,0.2643064142110186
42,2,90,0.2643039889492904
460,94,1074,0.2641602800829871
1370,479,1074,0.26402223211982284
587,150,1209,0.2640000913058602
1616,579,599,0.26390513528466025
1312,452,695,0.2639022406986806
109,14,17,0.263844586280249
970,306,1268,0.2638364757764422
1693,617,743,0.26383339437328335
1377,480,1209,0.26382800128200057
366,74,89,0.263793646965435
2073,1017,1061,0.2636762357969099
46,3,117,0.2636544641807535
31,1,133,0.26362995880489726
175,30,72,0.2636208813839204
1276,439,441,0.263598942875898
676,197,323,0.26356084666566754
1503,511,694,0.2635372108803072
328,66,172,0.26351195111033604
2004,966,1079,0.2634625686738355
2183,1141,1143,0.2633613881598866
26,1,120,0.26332969854048355
1116,367,543,0.2632928490951797
1951,906,1077,0.26326372681097127
1062,338,1220,0.2631952690039252
1450,496,690,0.26316333054619223
1108,365,444,0.2631561490758729
226,41,54,0.2631269003732021
1567,538,689,0.26311453097653514
390,78,319,0.2631111112707842
1751,676,1267,0.2630600455115631
810,238,319,0.26305182466534066
1148,383,486,0.26304953328855785
47,3,380,0.2629909664050626
1345,463,1180,0.2628677248974726
1201,398,519,0.2628363384451096
2081,1021,1133,0.2627448357755472
1030,330,506,0.26272039964886723
438,88,121,0.2626984868951102
2207,1185,1311,0.26264373992809287
822,240,1124,0.2625242803519164
895,269,314,0.2624240340843862
920,288,543,0.26237689344031406
1515,526,578,0.2623416599981699
1975,920,921,0.2622451485455121
1421,494,563,0.26222912949392485
404,79,231,0.262225192896733
1719,647,1012,0.2622008032642806
136,17,35,0.2621648100687745
297,62,239,0.26208009329111814
435,88,97,0.2620739465017054
1452,500,684,0.26205771320644256
134,17,18,0.2620172475897686
942,293,371,0.2619930480281188
380,77,120,0.26191515203475096
361,72,345,0.26175901141924435
807,236,903,0.2616757864737384
1053,335,529,0.261674890612236
1711,638,785,0.26167026637554497
1122,369,903,0.26166168867633893
270,54,122,0.261658665180652
1048,335,383,0.2615834742093853
1050,335,486,0.2615452568422101
191,35,103,0.26149107103557073
2232,1225,1305,0.261480730476627
2193,1164,1212,0.2614090336016601
2188,1154,1172,0.2614065076061614
2085,1028,1030,0.26136347239876456
657,186,890,0.26134645705849935
1455,505,525,0.2613397008403198
249,51,293,0.2612408035183024
1528,529,816,0.26114292154642155
1379,480,1268,0.26114278351692777
707,210,335,0.2611162532843035
1184,392,605,0.2610866803342937
1861,830,915,0.2610468059228509
1871,840,1072,0.2610366455350578
1303,447,452,0.26102475418448273
375,77,90,0.26100950403960166
496,116,529,0.2609121574943977
2023,976,980,0.26089857458459476
49,4,617,0.26083947320535333
1964,910,921,0.2608109186937491
1004,314,1267,0.2606832303882819
2097,1030,1061,0.260576775760929
466,100,191,0.26056456255260885
1180,392,526,0.2605521090288822
704,205,323,0.2604709487290341
193,36,148,0.26042296073976795
103,13,198,0.2603774766041375
1011,319,334,0.2603336915275927
1439,496,505,0.2603308900077887
7,0,653,0.2603019481276519
182,33,41,0.26026126579310294
1709,636,638,0.26026031648876263
1324,459,506,0.26023840200112397
388,78,123,0.2602368418703265
292,61,597,0.26021808021298154
228,41,79,0.26021778439788285
139,17,74,0.26019206820452684
788,232,346,0.2601871907657881
815,238,529,0.2600210792461932
1018,319,529,0.2599568004600096
1813,761,763,0.25981069548389607
1111,365,590,0.2597728760200547
520,123,130,0.2597358655482704
1953,907,929,0.2597193820508098
491,116,319,0.2597176419821288
1301,444,566,0.2596856072827561
674,196,207,0.2596673878638305
1955,908,910,0.25964381775156536
888,265,824,0.2595868140679096
99,13,120,0.25955958514860383
1190,394,400,0.2595528037347913
2086,1028,1047,0.259474295429801
1479,508,566,0.2594054071448237
1347,464,490,0.2593837805590947
1650,607,920,0.2593521478364256
1848,813,1127,0.2592562232417954
1016,319,486,0.259242482966194
1549,534,550,0.259222217548031
802,236,362,0.2592199493296626
1435,494,948,0.25920923860755235
1816,763,769,0.2591796467233737
1737,664,705,0.2591781495071306
1209,408,447,0.2590784230218123
1510,522,523,0.2590358012195254
1320,459,474,0.2590280497715171
1225,411,435,0.2589890161391292
499,116,910,0.258987119701278
1563,536,869,0.2588644108823125
1253,428,494,0.25885949730508806
1989,949,956,0.25875946022234003
1706,633,637,0.2587509385376447
1231,414,1209,0.25867478833946356
702,202,754,0.2586087438530887
1060,338,840,0.2585950498430273
457,94,314,0.2585625366088829
367,74,103,0.25855398563026427
1641,597,1124,0.25844640725740275
1140,378,438,0.2584147017451187
1128,374,386,0.25827886489620944
19,1,78,0.2582088332906523
396,79,97,0.2581901311883365
1358,474,496,0.2581870121011266
78,12,89,0.2580748870048225
1306,449,459,0.2580271063993817
1631,589,734,0.25791221193852876
717,220,622,0.25791171887205366
1448,496,595,0.25783981674885853
155,18,97,0.2578062437278353
2171,1127,1260,0.2577875673470941
986,313,323,0.25756852613209597
1802,754,1017,0.2574855045620606
1254,428,495,0.25745478820561785
1612,574,743,0.25743726967428987
608,163,182,0.2574183836092963
209,39,280,0.25741292527545184
819,238,910,0.25735783286920966
254,53,79,0.2573363360415331
327,66,120,0.25728783098187186
408,82,109,0.2572363737704816
413,82,1041,0.25716250439678773
1400,486,706,0.2571212019865145
1296,444,511,0.2570776069488238
1179,392,524,0.2570555306243018
1820,766,890,0.2570392367799981
1760,678,724,0.25701752067467243
1427,494,816,0.25697382037537014
1263,428,579,0.2569620875427697
703,204,238,0.2569519733358523
1996,959,1054,0.25680742566243586
1226,411,441,0.2567319727789031
547,136,1268,0.2567145838364502
275,54,208,0.256687033496558
1471,506,590,0.25665809331899003
1595,561,745,0.25662006576512003
1897,861,948,0.2566030291492284
2158,1123,1190,0.2565822692261857
463,96,210,0.25649628690664544
607,160,682,0.25649522656584517
1125,370,615,0.2564598734710728
2197,1167,1248,0.2564522957068715
1495,511,528,0.25636561146514875
1806,756,810,0.25634479274559624
1444,496,538,0.25633841120783457
1146,383,441,0.2563173641388669
192,35,121,0.25627251145854435
171,24,111,0.25625454762572475
443,89,103,0.2562126790317715
983,311,319,0.25614678375739436
1899,862,970,0.25609975657437095
267,54,101,0.25609159236998363
1192,395,479,0.25606307038137593
1223,410,830,0.2560625348814138
1351,469,589,0.25603799353548434
2138,1089,1253,0.2559487924749495
107,13,335,0.255904128181909
1499,511,558,0.25585760940102026
732,222,676,0.2558273150267302
1868,840,1031,0.2558063472065317
2230,1212,1214,0.255792032115567
1790,736,786,0.25575791917873053
1224,410,861,0.2557285846415506
2065,1017,1028,0.2557275798589246
2234,1229,1231,0.2557258254794555
1490,509,843,0.25558833375399986
1850,813,1262,0.25555808753064246
592,154,380,0.25553520750386316
204,39,94,0.25551524233833883
1424,494,690,0.25547819055483867
503,119,130,0.2554178196130303
1103,364,379,0.255396686053409
2222,1196,1279,0.2553089120569637
767,230,441,0.25529509904491293
1077,352,673,0.255259982315748
495,116,511,0.25522391569793723
835,249,270,0.2552232399359673
1734,663,685,0.2551777328382615
274,54,198,0.25512321860244513
953,299,332,0.25502997656708076
1901,862,1143,0.25500954177129437
28,1,122,0.25500199753415326
1198,397,435,0.2549989148387369
823,240,1209,0.25499179757835505
1142,382,385,0.25497977437572444
1812,760,869,0.25497722560926106
1558,536,706,0.25494594913556234
2100,1040,1272,0.254868796364346
280,59,79,0.2548674523691671
1907,875,1297,0.25486357331845394
1892,860,1047,0.25478085785750704
800,236,335,0.2547666133379607
1894,861,902,0.25475227279866963
964,306,597,0.2547509690659391
1827,777,850,0.2547246848000158
13,1,18,0.25469811294334804
806,236,816,0.25465338669516957
1281,441,470,0.2546058219627084
839,252,271,0.25456788062163493
1796,740,884,0.2545559328308897
1649,607,894,0.254526489303423
432,86,129,0.254498723952521
236,43,63,0.2544958139057009
505,120,125,0.25447242093190203
1244,421,435,0.25444970830758623
1958,909,924,0.2544173032567769
1361,477,545,0.25441108412545077
2,0,291,0.2544034669010145
804,236,511,0.254355281874158
1362,478,479,0.2543334941149703
426,84,198,0.2543131232422662
462,96,191,0.25428454608501677
1486,509,588,0.2542730260616058
1451,496,706,0.2542671047664844
2231,1220,1307,0.25426412525250863
247,46,47,0.25422346097582804
1034,331,337,0.2541413068067757
904,274,652,0.2540900890963661
1513,523,539,0.25401934878114535
507,120,133,0.2540050058051371
1973,917,920,0.25397796822487023
1458,505,545,0.2539426212936187
1120,369,442,0.25391479111322224
330,67,141,0.25388736147242263
814,238,511,0.2537899527610119
272,54,133,0.25376626373666633
242,43,133,0.2537407641993324
1893,860,1055,0.25368915958479843
1200,397,559,0.25361445154620565
1489,509,839,0.25360191278912103
759,230,332,0.25359021660058817
106,13,319,0.25353792426374633
2056,1011,1029,0.25352267901018666
1502,511,690,0.25346647668976147
164,21,1112,0.25340009828588084
769,230,459,0.2533902115604083
1415,494,528,0.25335592982449645
1381,481,623,0.25326869889728787
1104,364,385,0.25326027880485447
938,291,511,0.25320511497826703
135,17,21,0.2531823375603114
1828,779,780,0.25317069173218487
1291,442,529,0.2531682558776734
1289,441,909,0.2531456228728748
801,236,341,0.253032311976851
1319,456,543,0.25297037776915765
736,222,1124,0.2529641287639955
34,2,41,0.25294586699208294
1217,410,494,0.2529220548641063
975,310,458,0.2529207821143428
1056,337,349,0.25291565900622803
230,41,88,0.2529103427088266
1230,414,759,0.2528689155208939
1604,568,660,0.2527128010462782
453,94,157,0.2526728527125107
1819,765,781,0.2526624158599946
709,212,729,0.2526173863952297
864,257,259,0.2525599865102157
1014,319,383,0.25254420023876767
2196,1164,1279,0.25250953650788754
368,74,121,0.25247657638443927
2007,969,995,0.2524334535342934
1257,428,511,0.25242776013803514
1318,456,515,0.25236093380177
751,223,1268,0.2523502300723878
809,238,316,0.25234778257200363
1057,338,346,0.25222286048941844
2132,1080,1081,0.25217877966256
1088,360,444,0.25213641449709656
2157,1123,1189,0.25213414125895095
1311,452,572,0.2521208578467233
100,13,121,0.25198263334699944
1275,438,941,0.2519482063257264
24,1,100,0.2519428448715044
1084,356,623,0.2519289527436658
487,116,204,0.25190809197481395
2151,1107,1276,0.2519062049677151
1186,392,861,0.2517341098659351
50,5,27,0.2516705706983651
753,225,761,0.2516671729340673
1581,553,979,0.25163012197926393
478,104,109,0.2515675121153662
2155,1122,1160,0.2515317308556894
1478,508,532,0.2515113499774206
1647,607,623,0.2515094447678266
434,88,90,0.251504579114334
1615,578,910,0.25142009160728745
1775,695,1173,0.25141487626533593
405,80,85,0.25134078794310555
329,67,136,0.2513317687972276
1330,459,706,0.25127572527215025
789,232,350,0.2512643785895329
943,293,683,0.2512448319748329
2072,1017,1057,0.2511712127478571
1565,538,558,0.2509490232034964
36,2,63,0.250862736809697
27,1,121,0.2508572831998474
1552,535,552,0.2508530495403997
2223,1198,1242,0.2508456655174978
58,9,94,0.2508258971345449
1138,377,615,0.25081456981002603
2249,1293,1297,0.2508124449521995
576,150,313,0.2508091520949239
1854,818,943,0.2507850656975555
545,136,1074,0.2507703783484985
522,123,177,0.2507312768521125
1313,452,932,0.2507184037564847
1086,358,719,0.25069170097731763
1272,435,522,0.25065099426646376
2032,991,1017,0.2506039981528526
1025,327,1267,0.25056574089690786
217,39,676,0.25053368328796644
1690,614,716,0.2504365760101823
1779,705,859,0.2503973907625414
1611,574,617,0.25034445361873847
591,154,156,0.2503273247439821
730,222,561,0.2502974466841427
1917,890,991,0.25027036557275867
905,275,279,0.250250930354004
159,18,133,0.25021536965633046
947,294,522,0.2501218855415855
1898,862,873,0.2500785232555827
1082,352,949,0.25005070661134404
1333,462,508,0.25002396034768143
1587,558,689,0.2499720582539571
1137,375,1209,0.24995154930280122
1185,392,753,0.24991706080492251
2099,1040,1172,0.24991234282084787
1967,912,923,0.24985740502784015
1918,890,1018,0.24971791953434339
878,257,991,0.2496898754363308
972,308,996,0.24967300114469007
1639,596,706,0.24966044500056492
2173,1129,1273,0.24964567868020426
2057,1011,1030,0.24964224337406188
1193,395,669,0.24961382268908974
130,14,133,0.24957898932054454
1596,561,1124,0.2494468932586913
1064,339,342,0.24940558987876288
1006,316,334,0.24928371637444294
843,252,745,0.24927760037996677
1504,511,902,0.24921733269318716
706,210,319,0.2491971601472044
1171,391,710,0.24915828306477827
1556,536,663,0.24908691921468068
48,4,14,0.24907362574419206
449,90,103,0.24906133197243502
2022,974,1057,0.24904426650222994
427,84,208,0.2490028942099577
407,82,98,0.2489783457830756
158,18,122,0.24883623693682974
1052,335,511,0.24879629994952265
420,84,97,0.2487699568347413
754,226,270,0.24871022259384085
429,84,319,0.24869926527378303
308,62,1184,0.24869901769246194
1222,410,532,0.24869303283100988
906,275,1290,0.24866265173510446
490,116,316,0.24862124023448542
60,9,269,0.24859733930272424
1288,441,903,0.24855866049923125
1715,642,812,0.24853865306749684
1173,392,395,0.24849851887965121
384,77,198,0.24846345546137058
1541,531,558,0.24844803686261235
1460,505,558,0.24844102846701516
2195,1164,1247,0.24841055677628746
1229,412,442,0.24827672335198714
1699,624,641,0.24822820367939752
221,39,1091,0.2482063274243347
1454,505,510,0.24814571565705204
1058,338,351,0.24813834125833165
735,222,1091,0.24810995376139516
594,156,339,0.24808010653593193
2244,1269,1282,0.24798308363043872
916,285,290,0.2479728797161954
104,13,208,0.24792778111342303
476,103,345,0.247912839240414
1517,526,595,0.24789005263149436
189,35,88,0.24776216901975853
1102,362,874,0.24769270595964102
1687,613,716,0.24767734989814405
2149,1104,1164,0.24766466617387442
1500,511,559,0.24766018528489642
1781,706,861,0.24758306412264072
1206,400,453,0.24736719741419
644,177,191,0.24736454666178964
1300,444,563,0.24736256637371193
132,14,208,0.2473103454302615
679,198,311,0.24727591998939674
2226,1206,1208,0.24726383095588428
1842,811,949,0.24721382941537914
899,269,1165,0.24720381302331776
1240,420,429,0.24719920726442682
1210,408,952,0.2471921404218837
2146,1104,1107,0.2471804366253906
799,236,319,0.24717864146067411
619,171,184,0.24712884556698886
1808,756,948,0.24710438141170266
410,82,142,0.24708218589726
1972,916,920,0.2470737266720071
1403,489,495,0.24705471482478605
276,54,345,0.2469887674177774
1728,660,810,0.24696875893542397
277,56,830,0.2469396542431993
673,191,410,0.24693418281681276
654,184,188,0.2469244654006168
30,1,130,0.2468978580900105
748,223,1074,0.24689599441580662
1568,538,706,0.2468897198580023
544,136,759,0.24685003726994798
1258,428,529,0.24684197196185845
1121,369,506,0.2467968194293767
2236,1247,1278,0.24678488714838948
940,291,532,0.24667539115739542
1713,641,823,0.24667249160577084
493,116,362,0.24660689104770414
1042,333,566,0.24657918784185873
954,299,335,0.24649887346724977
2174,1131,1133,0.24649509335521294
652,180,208,0.24648978641727398
563,146,183,0.24647691141864111
1981,937,1077,0.24641365914946367
1910,879,1003,0.24632620548768
168,22,429,0.24632277945759967
455,94,269,0.24630739610658894
1410,493,546,0.24630048154708453
88,13,66,0.24628960036268813
333,67,176,0.2462556456198057
303,62,759,0.24625053962064555
458,94,338,0.24617878744220767
1774,695,1154,0.24616681889401143
1297,444,528,0.24616504512814594
1402,486,861,0.24613163097103252
1542,531,596,0.24612455830524033
40,2,84,0.24611022295520954
8,0,877,0.24603840269648877
2200,1172,1176,0.24601759045680283
876,257,766,0.24596542467136565
2011,974,975,0.24590195031216158
389,78,316,0.24589445941963478
1097,362,508,0.2458841040709069
1461,505,588,0.2458505240843103
712,213,279,0.24574805550783346
248,49,435,0.24573432514007526
1823,769,809,0.24571862398731795
686,200,314,0.24570780580125542
1679,611,716,0.24566797971253487
1559,536,760,0.24562438311603726
726,222,414,0.24560493849503073
415,82,1061,0.24558897732782742
1877,845,1030,0.24554316300419554
1814,761,839,0.2455172796353268
1954,908,909,0.24551254252333066
1261,428,563,0.2454865582768025
1969,915,920,0.24543089989082087
2148,1104,1146,0.24529351580051556
1493,510,558,0.24527589391682952
231,41,90,0.24526099387661515
2001,961,1262,0.24524955233850154
376,77,97,0.24523470003674727
1339,462,1057,0.24518385887867764
2245,1273,1278,0.24510191355628239
811,238,335,0.24509275496337843
1902,867,903,0.2450843504732497
1810,759,1267,0.24495485939958234
1968,912,942,0.24491154639471163
1932,902,916,0.24490905391340015
665,190,313,0.24480961947517516
358,72,163,0.2447890919157274
1913,882,1136,0.24477935890866354
414,82,1055,0.24466084768704616
893,269,308,0.24457515659081275
2010,970,1127,0.24457241863062393
857,255,324,0.2445575115789244
1431,494,874,0.24452898372804224
2040,996,1220,0.24448000419564592
1003,314,1124,0.24446870598575465
2179,1137,1173,0.24446203873917005
2120,1057,1059,0.24444997445445996
1692,616,635,0.24443972067410338
441,88,208,0.24443591777799223
980,310,677,0.24442579540741505
2187,1152,1184,0.2443561389032143
2016,974,1029,0.24429329565611801
1107,365,428,0.24422016519207038
1519,526,860,0.2442051319287188
1054,335,532,0.24420476117288148
431,85,101,0.24417436219754293
1286,441,522,0.24411234866683987
2108,1043,1048,0.24410571227835673
1625,586,1017,0.2440461391242518
1638,595,861,0.24402746408826087
1512,522,607,0.2439914680461397
749,223,1124,0.24396312130236525
183,35,41,0.2439147766843157
1961,910,916,0.24387199297649534
1065,341,494,0.24386775497516422
1329,459,675,0.24381349365177543
610,166,177,0.24381331935471812
1920,890,1055,0.24372243190622273
356,72,130,0.24369252402823421
81,13,17,0.24363858464450552
2123,1059,1074,0.24358655558803133
642,176,1268,0.24358012532417136
105,13,291,0.2435786901657746
273,54,163,0.24354840598318334
1990,949,1061,0.24354105087146907
1133,375,745,0.2435195842300167
1423,494,578,0.24350810583193955
907,278,279,0.24343394434734053
1055,336,356,0.24340676222314997
202,37,191,0.24339980826028054
2142,1091,1268,0.24338192588363655
1695,622,753,0.24335470013200006
746,223,597,0.24334688216571143
564,146,212,0.2433221240735368
122,14,87,0.24331527331459377
430,84,335,0.24328863194738218
1304,447,695,0.24324127682711194
1979,932,1048,0.2432129650409164
791,233,291,0.24317366976295957
837,252,257,0.24315270922074178
1771,690,903,0.24315219932984936
1355,470,910,0.24306299052458843
1776,699,1049,0.24304802906422981
1593,559,711,0.24304661648616455
1354,470,715,0.24303728719367934
1619,579,724,0.24301742698969395
1392,486,529,0.242799674155501
467,101,123,0.24274875917682917
687,200,480,0.24269780049106437
1770,690,902,0.24269780000656352
950,298,307,0.24269327945249386
2107,1041,1061,0.24263258456143177
1032,330,532,0.24259971812040237
984,311,341,0.24256192546994476
1759,677,1268,0.2425339114103034
562,145,1149,0.2425323269373155
203,38,756,0.24250805975871076
710,212,890,0.2424998245043603
1463,506,508,0.24249715420075352
323,63,208,0.2424725675417155
908,280,291,0.2424463816038559
1659,608,716,0.2423651512635952
1368,479,500,0.2423506182762329
468,102,114,0.24231211660914045
63,9,375,0.2422353013199537
1305,447,1154,0.24222991803584967
492,116,335,0.24219421529125743
1063,338,1273,0.24218602548680318
2119,1056,1209,0.24215889175233546
1474,506,826,0.24215175439561593
941,293,318,0.24214595643503142
446,89,319,0.24208945617816613
1773,695,941,0.242038459923353
2175,1131,1146,0.24202577336397607
1280,441,444,0.2419981974685808
1824,770,800,0.24195845717740488
1553,535,558,0.24194314640576578
173,27,166,0.24193649858594493
1896,861,910,0.24188746810142692
2201,1173,1176,0.24187963246743616
1243,421,428,0.24181570389463655
2152,1107,1279,0.24178901298348424
897,269,348,0.2417334444141423
1315,452,1172,0.2417069000875429
179,31,166,0.24168373754311695
671,191,196,0.24162112027367794
1764,688,1139,0.24159691110738063
1353,470,489,0.2415935231741353
2153,1111,1113,0.24157821444628724
2104,1041,1056,0.24155183719609194
739,223,269,0.24154733423745212
1573,545,588,0.24152875784996886
2063,1015,1290,0.24148786805881756
882,259,271,0.2414277382256731
1337,462,1018,0.24141709345078624
2237,1250,1262,0.24138050952237294
304,62,801,0.24129664262682382
208,39,190,0.24129320531350198
244,44,785,0.24127160352270519
1629,588,690,0.2412576739946764
1634,593,1034,0.241256856459306
486,114,299,0.2412507902982007
623,174,634,0.2411983497651336
1817,764,769,0.2411962407255359
1618,579,671,0.24119477835719033
1577,547,736,0.2411910699175298
711,212,1061,0.24115048787562163
548,137,198,0.2410947066537448
140,17,77,0.24109359400769043
1143,383,391,0.24106858837366837
589,150,1268,0.241021484910166
1399,486,694,0.24086464383919873
1785,717,740,0.24086134433854137
324,66,77,0.2408609179921978
1273,438,447,0.24080852916821283
1980,932,1154,0.24080681849188984
543,136,677,0.2407319693721616
1083,352,1297,0.24070171999757944
1325,459,509,0.2406230248614718
1371,480,597,0.2405608405570347
424,84,130,0.24054692821237275
1040,333,528,0.240537340650473
1977,921,924,0.24039665206341224
2006,967,991,0.24032045683924724
1822,769,770,0.24031864308087303
911,280,338,0.24030873073434555
641,176,1267,0.24030595354031908
1428,494,830,0.24028317449863282
1115,367,500,0.24027232164653844
271,54,130,0.24023451001034346
1518,526,715,0.2402294721932831
1772,690,910,0.24016540085393734
166,22,332,0.2401610132775245
515,121,351,0.24013974385821535
1863,831,915,0.24009930682127603
1164,386,568,0.24009601203125294
1914,882,1279,0.24005528321144753
2046,1007,1029,0.24001288468993734
101,13,122,0.23994797045371996
1188,392,874,0.2399390184802814
1235,417,676,0.23993723855913288
359,72,198,0.23992675765872537
1782,706,903,0.2399227818677765
459,94,745,0.239920422777207
1292,442,903,0.239914044307233
2121,1057,1061,0.2398956526372514
341,67,563,0.23987531523261219
812,238,362,0.2398602050709965
1161,386,476,0.23985810140544014
840,252,279,0.2398380600747362
1348,464,533,0.23982871542241885
973,310,358,0.23982848701277634
318,63,97,0.23981674541614387
1438,495,526,0.23979850706678396
1480,508,578,0.23979778305351737
643,177,178,0.23977595406531643
436,88,101,0.239758124290731
1531,529,861,0.23974568478711164
1623,582,754,0.23972312413664906
1546,532,830,0.23969919016329014
1492,510,545,0.2396981687959173
539,136,348,0.2396925615699331
568,148,356,0.23967065635830664
1274,438,452,0.23963994981109069
1509,521,605,0.2396144518964359
1182,392,589,0.23957994578817368
1384,481,833,0.23957304717641445
481,109,1041,0.2395476554256125
1580,550,694,0.23952391367680517
1784,710,711,0.23951603873135785
570,148,446,0.2395053843163523
1398,486,588,0.239502343939297
1501,511,563,0.23949502763152242
798,236,316,0.23948933355691218
991,313,677,0.2394667697980766
1491,510,531,0.23946223054278665
21,1,84,0.23943409840097576
1739,666,1192,0.23940972765781587
1807,756,902,0.23937914896203166
1395,486,534,0.23937542790890504
1867,836,885,0.23936527405631186
1534,529,910,0.2393608058003386
508,120,166,0.23933126582949577
2254,1310,1311,0.2393091195239292
1987,944,1173,0.2392725753677538
253,53,78,0.23924804659088794
445,89,208,0.2391930892640321
1422,494,566,0.2391436258759139
1220,410,511,0.23914067082853419
1648,607,737,0.2390588620110981
1181,392,536,0.23905254838091092
79,12,133,0.23904307290243945
1467,506,536,0.2390099598328277
1168,391,494,0.23900360185019806
1208,407,903,0.23899195349384555
1569,541,543,0.23896985693737954
1983,940,949,0.23893977848950573
1109,365,494,0.23892624051897798
1766,690,706,0.23888445272046363
1494,511,526,0.23883744003028787
1855,820,821,0.23883004118472453
611,166,178,0.2388196291765827
91,13,74,0.23879699535196175
846,253,266,0.23875487516898977
1800,750,942,0.2387520906913027
1947,904,948,0.2387473170454478
1178,392,521,0.23873289214036753
1778,704,903,0.23871389059840226
1548,533,539,0.23871042191188963
708,210,362,0.23870460626247644
2202,1173,1305,0.2386614432060274
1761,679,697,0.23865451531414208
773,230,508,0.2386298263751915
1129,374,395,0.23859620874523527
561,145,813,0.23857100251771926
565,147,220,0.2385469901901465
1049,335,444,0.23852337412966537
1758,677,1267,0.23839083193135835
14,1,41,0.238329782294782
816,238,816,0.23824895243102903
1298,444,529,0.23820576646008831
1583,557,1272,0.23819112603456394
516,122,125,0.2381803212300927
1015,319,444,0.23810852608929572
1505,511,903,0.23802629106942888
1919,890,1047,0.2380235800622225
1459,505,550,0.2380155443698715
2062,1014,1024,0.23801190606584294
998,314,347,0.23797862770996397
2198,1168,1279,0.23795619818078528
1172,391,861,0.23793988177355013
841,252,314,0.2379047929624728
1009,316,494,0.237898036141632
1336,462,1017,0.23782095739124492
1346,463,1209,0.2377417164798104
1073,348,1209,0.23764873563525654
2160,1123,1260,0.2376368390210153
1506,520,563,0.2376274191841122
1609,570,599,0.23762389561712138
1041,333,563,0.23760752989216807
1535,529,948,0.23751388204374338
1744,675,706,0.23749902740101966
237,43,72,0.23747404087312593
387,77,291,0.23746995296790713
519,123,125,0.2374539497742824
1600,564,934,0.2373541344819635
2135,1085,1146,0.23732465737010372
1307,449,505,0.23730572009381157
902,271,723,0.23728668790620136
588,150,1267,0.237264382099868
743,223,458,0.23725054669438334
299,62,293,0.23724667390640758
1044,334,341,0.23722386347740484
1071,348,417,0.237223713561585
1481,508,910,0.237219509833493
956,302,1061,0.23721735067519428
1241,420,454,0.2371446348781081
845,253,259,0.2371193816566738
2208,1186,1201,0.23704779077935498
2031,988,1020,0.23693101732179428
412,82,1017,0.2369134029157553
2028,987,1061,0.23691087331834532
409,82,141,0.23690560858998938
1059,338,375,0.23688950185502528
475,103,335,0.2368871247028483
2024,977,990,0.23681187404181026
693,201,293,0.23676077080643487
1260,428,559,0.2367547179359361
2253,1307,1314,0.23674265534212366
1247,421,522,0.23672356918400247
279,56,903,0.23671549322822466
1360,477,525,0.2366820559816169
406,80,101,0.23665542411314858
1232,414,1267,0.2366282106245873
1624,584,585,0.23661074267544177
2030,988,992,0.236603996335021
1262,428,566,0.23660094938218953
1265,428,830,0.23659097584295902
133,14,231,0.23658786848446617
542,136,676,0.23656707070860247
1094,362,382,0.2365631647370775
1429,494,843,0.23652325133520596
715,217,481,0.2364919963998342
1101,362,563,0.23648411227844016
1332,462,470,0.23647380034555124
111,14,30,0.236470903051988
1031,330,528,0.23643245603270602
1409,491,652,0.23642222282229142
1614,578,902,0.2364201535041907
820,240,463,0.23638081169663627
705,208,210,0.23636846370877757
1366,478,750,0.23631638604195862
667,190,346,0.23626910509689436
1114,367,463,0.23624358412817448
1105,365,369,0.23622635211934553
482,110,111,0.2362207258820941
10,1,12,0.23621483621551392
1170,391,595,0.23612824753580905
509,120,172,0.2361174403812081
1731,661,685,0.23607095708934664
2137,1089,1169,0.2360362610728838
331,67,150,0.23600531761912838
1903,874,889,0.23600376100497714
1607,569,599,0.23597646130317143
1716,643,706,0.23596336892031278
229,41,84,0.23595195409511732
1242,420,1313,0.23594527921080494
1984,941,1279,0.235916984026975
1252,428,470,0.2358735946672927
29,1,125,0.23584787189366513
1282,441,494,0.23582289188547856
1576,547,735,0.23582108299668367
1840,811,940,0.2357431231640246
778,230,559,0.23574030875884427
2203,1176,1305,0.23573929775355343
1952,906,1081,0.23573330564149403
447,89,335,0.235704958488424
131,14,163,0.23569056177755457
1929,902,908,0.23565260428968002
1708,636,637,0.23565187052798947
240,43,88,0.235610156502317
1707,634,654,0.23560858178199998
936,291,444,0.23558631894567247
2241,1258,1269,0.2355642774412583
278,56,902,0.23555718438089188
1023,320,1151,0.23552773423678772
196,36,288,0.2355048019169146
474,103,231,0.23548768219596325
677,198,231,0.2354810003309544
379,77,107,0.23547846474287917
1592,559,595,0.2354223434055295
842,252,463,0.23538908876412296
256,53,123,0.2353684506335607
1020,320,388,0.23536404686368279
2240,1255,1259,0.23536337774651972
502,119,120,0.23530281937169267
1266,429,445,0.23528616337310718
1488,509,736,0.2352799445140794
555,141,314,0.23524907932029918
235,43,54,0.23520491687384623
1890,860,974,0.23520179867646815
2227,1208,1223,0.23519778536288607
2180,1137,1223,0.23518633344844345
1805,756,774,0.23512888737206275
245,44,1074,0.23508240489191823
752,224,974,0.23507657112366132
186,35,77,0.2350755159945494
1794,738,787,0.23505577155387264
1363,478,486,0.23503478847705292
1876,845,1029,0.23501977094303722
680,198,345,0.23498246938725464
1338,462,1041,0.23496990963997533
1628,588,664,0.23492697542615157
386,77,231,0.23491917221286293
1117,367,894,0.23485821192955925
1880,845,1055,0.23485178206301816
1187,392,865,0.23483813083141772
2190,1155,1157,0.23471803997537552
2036,994,1024,0.23471167300668885
1747,676,1091,0.23469340566218375
1197,397,402,0.23467636807696463
962,306,463,0.234624499306068
1550,534,558,0.23458882568430808
1789,736,741,0.2345695429324801
1364,478,525,0.23455516810221824
